account_id,churn_flag,plan_tier,industry,country,activation_events_7d,activation_features_used_7d,activation_total_usage_7d,activation_total_duration_secs_7d,activation_total_errors_7d,beta_feature_used_7d
A-2e4581,False,Basic,EdTech,US,0.0,0.0,0.0,0.0,0.0,0
A-43a9e3,True,Basic,FinTech,IN,0.0,0.0,0.0,0.0,0.0,0
A-0a282f,False,Basic,DevTools,US,1.0,1.0,7.0,749.0,2.0,False
A-1f0ac7,False,Basic,HealthTech,UK,0.0,0.0,0.0,0.0,0.0,0
A-ce550d,True,Enterprise,HealthTech,US,1.0,1.0,9.0,3519.0,0.0,False
A-1b9609,False,Enterprise,EdTech,IN,1.0,1.0,11.0,4983.0,0.0,True
A-a0ca4e,False,Pro,Cybersecurity,US,0.0,0.0,0.0,0.0,0.0,0
A-e5d6ab,False,Pro,EdTech,US,0.0,0.0,0.0,0.0,0.0,0
A-7dacce,True,Enterprise,Cybersecurity,CA,1.0,1.0,11.0,5863.0,3.0,False
A-10b8da,True,Enterprise,DevTools,US,0.0,0.0,0.0,0.0,0.0,0
A-592832,True,Basic,Cybersecurity,US,2.0,2.0,20.0,10604.0,0.0,False
A-d40bf7,False,Basic,FinTech,IN,2.0,2.0,19.0,7099.0,0.0,True
A-6c093d,False,Basic,DevTools,US,0.0,0.0,0.0,0.0,0.0,0
A-462d45,False,Enterprise,Cybersecurity,US,2.0,2.0,16.0,941.0,0.0,False
A-956988,False,Enterprise,EdTech,UK,0.0,0.0,0.0,0.0,0.0,0
A-ac14bb,False,Enterprise,FinTech,US,0.0,0.0,0.0,0.0,0.0,0
A-463db0,False,Basic,HealthTech,US,0.0,0.0,0.0,0.0,0.0,0
A-ce66f8,False,Pro,EdTech,CA,0.0,0.0,0.0,0.0,0.0,0
A-c4ea60,True,Enterprise,FinTech,DE,0.0,0.0,0.0,0.0,0.0,0
A-832ec2,False,Enterprise,FinTech,UK,0.0,0.0,0.0,0.0,0.0,0
A-684255,False,Enterprise,FinTech,US,0.0,0.0,0.0,0.0,0.0,0
A-c42f1f,False,Pro,HealthTech,US,0.0,0.0,0.0,0.0,0.0,0
A-4e44e8,True,Enterprise,DevTools,US,0.0,0.0,0.0,0.0,0.0,0
A-30b4ca,True,Basic,EdTech,IN,0.0,0.0,0.0,0.0,0.0,0
A-9f2731,False,Enterprise,FinTech,IN,1.0,1.0,8.0,2864.0,0.0,False
A-32fb14,True,Enterprise,DevTools,US,0.0,0.0,0.0,0.0,0.0,0
A-00cac8,False,Enterprise,HealthTech,AU,1.0,1.0,12.0,6936.0,2.0,True
A-35083d,True,Basic,HealthTech,IN,0.0,0.0,0.0,0.0,0.0,0
A-eb7fac,False,Enterprise,DevTools,US,0.0,0.0,0.0,0.0,0.0,0
A-b20d99,False,Basic,HealthTech,IN,0.0,0.0,0.0,0.0,0.0,0
A-396e5f,False,Enterprise,Cybersecurity,CA,0.0,0.0,0.0,0.0,0.0,0
A-45ce7a,False,Enterprise,FinTech,US,1.0,1.0,14.0,4606.0,0.0,False
A-08e34e,True,Basic,EdTech,US,1.0,1.0,12.0,4704.0,0.0,False
A-8145a0,False,Basic,Cybersecurity,AU,1.0,1.0,11.0,2453.0,0.0,False
A-bad8c1,False,Basic,FinTech,AU,1.0,1.0,6.0,3354.0,0.0,False
A-44dc83,False,Basic,EdTech,FR,1.0,1.0,10.0,4080.0,0.0,False
A-f446b6,False,Pro,DevTools,DE,1.0,1.0,5.0,1780.0,5.0,False
A-a45270,False,Enterprise,HealthTech,US,1.0,1.0,9.0,4482.0,0.0,False
A-854864,False,Enterprise,FinTech,IN,0.0,0.0,0.0,0.0,0.0,0
A-1b7577,False,Pro,Cybersecurity,US,0.0,0.0,0.0,0.0,0.0,0
A-05f0e5,False,Basic,FinTech,US,0.0,0.0,0.0,0.0,0.0,0
A-9077b0,False,Basic,HealthTech,US,0.0,0.0,0.0,0.0,0.0,0
A-7f8241,True,Pro,EdTech,US,1.0,1.0,6.0,3234.0,0.0,False
A-2bc93d,False,Basic,HealthTech,US,2.0,2.0,23.0,8339.0,1.0,False
A-f3ff05,False,Enterprise,FinTech,IN,1.0,1.0,10.0,4040.0,0.0,False
A-2d4502,False,Basic,FinTech,IN,0.0,0.0,0.0,0.0,0.0,0
A-6a4e2d,False,Pro,EdTech,UK,1.0,1.0,6.0,666.0,0.0,False
A-eb7c38,False,Enterprise,DevTools,AU,0.0,0.0,0.0,0.0,0.0,0
A-c37601,False,Basic,EdTech,US,0.0,0.0,0.0,0.0,0.0,0
A-3b5cd1,False,Basic,FinTech,US,1.0,1.0,15.0,1005.0,0.0,False
A-b2225d,True,Basic,FinTech,US,0.0,0.0,0.0,0.0,0.0,0
A-94f8c9,False,Basic,HealthTech,US,2.0,2.0,21.0,1008.0,3.0,False
A-02fac6,False,Pro,FinTech,US,0.0,0.0,0.0,0.0,0.0,0
A-c1dfe1,False,Pro,DevTools,DE,2.0,2.0,20.0,6096.0,4.0,False
A-32728c,True,Pro,DevTools,US,0.0,0.0,0.0,0.0,0.0,0
A-4c38bc,True,Basic,HealthTech,UK,0.0,0.0,0.0,0.0,0.0,0
A-1b707d,False,Enterprise,Cybersecurity,US,0.0,0.0,0.0,0.0,0.0,0
A-6f8ad2,False,Basic,EdTech,IN,4.0,4.0,44.0,13422.0,2.0,True
A-4d1e75,False,Basic,DevTools,US,0.0,0.0,0.0,0.0,0.0,0
A-9ee962,True,Basic,HealthTech,US,0.0,0.0,0.0,0.0,0.0,0
A-378b99,False,Pro,EdTech,UK,1.0,1.0,11.0,2871.0,0.0,False
A-94d3da,False,Basic,HealthTech,US,0.0,0.0,0.0,0.0,0.0,0
A-e351e1,False,Enterprise,EdTech,US,0.0,0.0,0.0,0.0,0.0,0
A-9badbd,False,Enterprise,Cybersecurity,DE,3.0,3.0,31.0,5303.0,1.0,True
A-7e0a10,False,Enterprise,FinTech,US,2.0,2.0,23.0,9735.0,1.0,False
A-118d55,False,Basic,Cybersecurity,US,1.0,1.0,7.0,2674.0,0.0,True
A-526d93,False,Basic,HealthTech,FR,0.0,0.0,0.0,0.0,0.0,0
A-f92792,False,Pro,FinTech,US,1.0,1.0,13.0,2613.0,1.0,False
A-84ebe4,True,Pro,FinTech,US,0.0,0.0,0.0,0.0,0.0,0
A-5b4ebb,True,Basic,Cybersecurity,UK,0.0,0.0,0.0,0.0,0.0,0
A-2922b6,False,Basic,HealthTech,US,0.0,0.0,0.0,0.0,0.0,0
A-9b9fe9,False,Basic,EdTech,AU,1.0,1.0,12.0,1500.0,0.0,False
A-a8b49c,False,Basic,Cybersecurity,UK,2.0,2.0,14.0,3568.0,1.0,False
A-9174e0,False,Basic,Cybersecurity,US,0.0,0.0,0.0,0.0,0.0,0
A-a1bbb6,False,Basic,DevTools,CA,0.0,0.0,0.0,0.0,0.0,0
A-c45b23,False,Basic,FinTech,UK,0.0,0.0,0.0,0.0,0.0,0
A-02cd81,False,Basic,HealthTech,IN,0.0,0.0,0.0,0.0,0.0,0
A-ee42db,False,Enterprise,EdTech,DE,1.0,1.0,9.0,4851.0,0.0,False
A-432483,False,Pro,Cybersecurity,US,2.0,2.0,15.0,4465.0,2.0,False
A-9208f0,True,Pro,EdTech,US,1.0,1.0,8.0,2624.0,2.0,False
A-98a59a,False,Enterprise,FinTech,UK,0.0,0.0,0.0,0.0,0.0,0
A-fe79a5,False,Basic,HealthTech,IN,0.0,0.0,0.0,0.0,0.0,0
A-726cfa,False,Pro,DevTools,US,1.0,1.0,8.0,2824.0,0.0,False
A-c43359,False,Pro,FinTech,US,1.0,1.0,9.0,612.0,1.0,True
A-271f46,True,Pro,DevTools,US,0.0,0.0,0.0,0.0,0.0,0
A-157070,False,Pro,FinTech,US,2.0,2.0,20.0,6180.0,1.0,False
A-40a557,False,Pro,Cybersecurity,AU,1.0,1.0,15.0,7440.0,1.0,False
A-66224b,False,Pro,HealthTech,US,0.0,0.0,0.0,0.0,0.0,0
A-91e948,False,Basic,EdTech,AU,1.0,1.0,5.0,2095.0,1.0,False
A-104f1a,False,Pro,Cybersecurity,US,0.0,0.0,0.0,0.0,0.0,0
A-7988d1,False,Basic,Cybersecurity,US,1.0,1.0,15.0,2985.0,0.0,False
A-faa28c,False,Enterprise,HealthTech,US,1.0,1.0,13.0,4914.0,0.0,False
A-f25509,False,Enterprise,EdTech,US,0.0,0.0,0.0,0.0,0.0,0
A-3a7284,False,Enterprise,FinTech,US,1.0,1.0,5.0,2150.0,0.0,False
A-3a5ad8,False,Enterprise,HealthTech,US,0.0,0.0,0.0,0.0,0.0,0
A-65a46c,False,Pro,HealthTech,US,1.0,1.0,10.0,5570.0,1.0,False
A-8b25f2,True,Pro,Cybersecurity,US,0.0,0.0,0.0,0.0,0.0,0
A-fabe19,False,Enterprise,DevTools,UK,1.0,1.0,9.0,5004.0,0.0,False
A-adc1f3,False,Pro,Cybersecurity,US,0.0,0.0,0.0,0.0,0.0,0
A-503d5a,True,Enterprise,FinTech,US,2.0,2.0,20.0,7133.0,0.0,False
A-fd7ad3,False,Enterprise,Cybersecurity,US,0.0,0.0,0.0,0.0,0.0,0
A-186a44,False,Enterprise,HealthTech,US,1.0,1.0,6.0,2160.0,0.0,False
A-e888d1,False,Pro,Cybersecurity,US,0.0,0.0,0.0,0.0,0.0,0
A-69fad4,True,Basic,FinTech,UK,0.0,0.0,0.0,0.0,0.0,0
A-9289f6,False,Enterprise,EdTech,US,0.0,0.0,0.0,0.0,0.0,0
A-f19409,True,Basic,DevTools,US,2.0,2.0,18.0,9943.0,2.0,False
A-22f2df,False,Basic,DevTools,US,0.0,0.0,0.0,0.0,0.0,0
A-039727,False,Pro,EdTech,AU,0.0,0.0,0.0,0.0,0.0,0
A-2e3bad,False,Pro,FinTech,CA,0.0,0.0,0.0,0.0,0.0,0
A-484819,False,Pro,HealthTech,US,0.0,0.0,0.0,0.0,0.0,0
A-425e76,True,Enterprise,DevTools,UK,0.0,0.0,0.0,0.0,0.0,0
A-e83938,True,Pro,DevTools,UK,0.0,0.0,0.0,0.0,0.0,0
A-ad296b,False,Pro,DevTools,AU,0.0,0.0,0.0,0.0,0.0,0
A-e51ec7,False,Enterprise,FinTech,CA,0.0,0.0,0.0,0.0,0.0,0
A-0aaf6e,False,Enterprise,FinTech,US,1.0,1.0,14.0,756.0,3.0,False
A-e61e98,True,Enterprise,FinTech,US,0.0,0.0,0.0,0.0,0.0,0
A-92a333,False,Enterprise,FinTech,US,1.0,1.0,6.0,288.0,0.0,False
A-95b24a,True,Pro,FinTech,US,0.0,0.0,0.0,0.0,0.0,0
A-42e5e1,True,Pro,DevTools,US,1.0,1.0,5.0,1985.0,0.0,False
A-7d514c,False,Enterprise,HealthTech,DE,1.0,1.0,7.0,1617.0,0.0,False
A-65aeb5,False,Pro,DevTools,US,0.0,0.0,0.0,0.0,0.0,0
A-e2cd1b,False,Enterprise,DevTools,US,2.0,2.0,22.0,7554.0,0.0,False
A-180abf,True,Pro,DevTools,US,2.0,2.0,23.0,7317.0,0.0,False
A-f17767,True,Enterprise,DevTools,US,1.0,1.0,17.0,1156.0,0.0,False
A-5a184f,True,Enterprise,DevTools,DE,1.0,1.0,6.0,3198.0,0.0,False
A-7df7a7,True,Basic,DevTools,US,1.0,1.0,12.0,1872.0,0.0,False
A-1ac5e0,True,Basic,DevTools,US,0.0,0.0,0.0,0.0,0.0,0
A-52dd88,False,Pro,Cybersecurity,US,2.0,2.0,18.0,7650.0,1.0,False
A-bece89,False,Pro,Cybersecurity,IN,0.0,0.0,0.0,0.0,0.0,0
A-029f69,False,Basic,Cybersecurity,CA,0.0,0.0,0.0,0.0,0.0,0
A-5c046d,False,Basic,EdTech,FR,0.0,0.0,0.0,0.0,0.0,0
A-fb186e,False,Basic,EdTech,IN,0.0,0.0,0.0,0.0,0.0,0
A-ae052e,False,Basic,FinTech,CA,0.0,0.0,0.0,0.0,0.0,0
A-9f9299,False,Enterprise,FinTech,US,1.0,1.0,12.0,3156.0,1.0,False
A-96e141,False,Basic,DevTools,UK,1.0,1.0,7.0,1729.0,0.0,False
A-117171,True,Basic,HealthTech,FR,0.0,0.0,0.0,0.0,0.0,0
A-313be3,False,Enterprise,EdTech,US,1.0,1.0,10.0,3420.0,0.0,False
A-671f31,False,Basic,DevTools,US,1.0,1.0,7.0,2303.0,0.0,False
A-bbc346,False,Enterprise,FinTech,US,0.0,0.0,0.0,0.0,0.0,0
A-c16101,False,Basic,EdTech,IN,0.0,0.0,0.0,0.0,0.0,0
A-50f3f7,True,Basic,HealthTech,US,3.0,3.0,27.0,11443.0,2.0,False
A-7da956,False,Pro,Cybersecurity,US,0.0,0.0,0.0,0.0,0.0,0
A-019782,False,Enterprise,DevTools,FR,0.0,0.0,0.0,0.0,0.0,0
A-df10db,False,Enterprise,DevTools,US,0.0,0.0,0.0,0.0,0.0,0
A-3932db,True,Pro,HealthTech,CA,0.0,0.0,0.0,0.0,0.0,0
A-4f18f0,False,Pro,DevTools,CA,1.0,1.0,14.0,5334.0,0.0,False
A-4c6f11,True,Pro,FinTech,CA,0.0,0.0,0.0,0.0,0.0,0
A-8ae05d,False,Enterprise,FinTech,IN,0.0,0.0,0.0,0.0,0.0,0
A-b78bf8,False,Pro,DevTools,US,0.0,0.0,0.0,0.0,0.0,0
A-eafc6e,True,Pro,DevTools,US,1.0,1.0,11.0,5918.0,0.0,False
A-37f969,False,Enterprise,HealthTech,IN,0.0,0.0,0.0,0.0,0.0,0
A-10b8f2,False,Basic,HealthTech,DE,0.0,0.0,0.0,0.0,0.0,0
A-439b2f,True,Enterprise,DevTools,US,0.0,0.0,0.0,0.0,0.0,0
A-544d0a,False,Basic,DevTools,US,0.0,0.0,0.0,0.0,0.0,0
A-ba6516,False,Pro,FinTech,US,1.0,1.0,8.0,1760.0,0.0,False
A-712426,False,Enterprise,HealthTech,US,0.0,0.0,0.0,0.0,0.0,0
A-038089,True,Pro,DevTools,FR,0.0,0.0,0.0,0.0,0.0,0
A-afa505,False,Basic,DevTools,US,1.0,1.0,15.0,8535.0,0.0,False
A-d5a319,True,Enterprise,FinTech,US,0.0,0.0,0.0,0.0,0.0,0
A-f97b9a,False,Pro,FinTech,US,0.0,0.0,0.0,0.0,0.0,0
A-2f6a32,False,Basic,HealthTech,US,0.0,0.0,0.0,0.0,0.0,0
A-856b1e,False,Basic,FinTech,US,0.0,0.0,0.0,0.0,0.0,0
A-17939a,False,Basic,HealthTech,US,0.0,0.0,0.0,0.0,0.0,0
A-d27f50,False,Enterprise,Cybersecurity,UK,2.0,2.0,10.0,3976.0,0.0,False
A-e36807,False,Pro,EdTech,AU,1.0,1.0,12.0,2256.0,0.0,False
A-ff79f2,True,Basic,DevTools,US,0.0,0.0,0.0,0.0,0.0,0
A-5b1bcd,False,Pro,DevTools,US,1.0,1.0,6.0,1080.0,0.0,False
A-71615e,False,Basic,EdTech,US,1.0,1.0,11.0,440.0,0.0,False
A-794a0b,False,Basic,HealthTech,DE,0.0,0.0,0.0,0.0,0.0,0
A-86902e,False,Enterprise,HealthTech,IN,0.0,0.0,0.0,0.0,0.0,0
A-0532a9,False,Pro,FinTech,IN,2.0,2.0,26.0,8184.0,0.0,False
A-9779ad,True,Pro,Cybersecurity,AU,1.0,1.0,10.0,4080.0,0.0,False
A-f45426,False,Basic,HealthTech,US,0.0,0.0,0.0,0.0,0.0,0
A-c1e51e,False,Basic,FinTech,US,0.0,0.0,0.0,0.0,0.0,0
A-fa3095,False,Basic,FinTech,US,0.0,0.0,0.0,0.0,0.0,0
A-ad64c6,False,Pro,DevTools,UK,1.0,1.0,14.0,4256.0,0.0,False
A-39b19f,False,Enterprise,FinTech,US,0.0,0.0,0.0,0.0,0.0,0
A-56962b,False,Enterprise,EdTech,UK,1.0,1.0,11.0,6072.0,0.0,False
A-e60f9d,False,Basic,FinTech,US,0.0,0.0,0.0,0.0,0.0,0
A-88c6ca,True,Basic,FinTech,DE,1.0,1.0,10.0,810.0,0.0,True
A-158f4e,False,Enterprise,FinTech,IN,0.0,0.0,0.0,0.0,0.0,0
A-5b051a,False,Enterprise,Cybersecurity,US,0.0,0.0,0.0,0.0,0.0,0
A-296d7c,False,Enterprise,DevTools,DE,1.0,1.0,20.0,4020.0,0.0,True
A-1619f8,False,Pro,DevTools,US,0.0,0.0,0.0,0.0,0.0,0
A-a1b80b,False,Basic,HealthTech,US,1.0,1.0,10.0,2650.0,0.0,False
A-139c3b,True,Enterprise,HealthTech,US,1.0,1.0,8.0,2808.0,0.0,False
A-702032,False,Pro,HealthTech,US,1.0,1.0,10.0,1470.0,1.0,False
A-7a0d69,True,Enterprise,DevTools,DE,1.0,1.0,15.0,675.0,0.0,False
A-22d9d2,False,Pro,DevTools,FR,2.0,2.0,20.0,5320.0,0.0,False
A-b9eed8,False,Basic,Cybersecurity,US,0.0,0.0,0.0,0.0,0.0,0
A-dfbd31,False,Enterprise,DevTools,UK,0.0,0.0,0.0,0.0,0.0,0
A-8e47ca,False,Pro,HealthTech,US,1.0,1.0,9.0,4707.0,0.0,False
A-4437e4,False,Enterprise,Cybersecurity,US,0.0,0.0,0.0,0.0,0.0,0
A-779e4e,False,Basic,HealthTech,US,2.0,2.0,17.0,6286.0,0.0,True
A-53f4e3,False,Enterprise,Cybersecurity,UK,1.0,1.0,13.0,4030.0,4.0,False
A-692f18,True,Basic,EdTech,US,2.0,2.0,19.0,10116.0,1.0,False
A-13466a,True,Basic,DevTools,AU,0.0,0.0,0.0,0.0,0.0,0
A-1986ca,False,Pro,HealthTech,IN,0.0,0.0,0.0,0.0,0.0,0
A-0cc442,False,Basic,EdTech,US,2.0,2.0,15.0,4925.0,2.0,False
A-c608c8,True,Pro,DevTools,DE,0.0,0.0,0.0,0.0,0.0,0
A-3be56b,True,Pro,HealthTech,IN,1.0,1.0,9.0,2250.0,0.0,False
A-354f12,False,Pro,FinTech,US,0.0,0.0,0.0,0.0,0.0,0
A-68f37c,False,Basic,HealthTech,US,1.0,1.0,7.0,2296.0,1.0,False
A-aa9511,False,Pro,DevTools,US,1.0,1.0,8.0,3872.0,0.0,False
A-af0cd2,False,Enterprise,Cybersecurity,IN,1.0,1.0,8.0,2296.0,0.0,False
A-bd4513,False,Enterprise,DevTools,AU,2.0,2.0,22.0,9086.0,0.0,False
A-c222ab,True,Pro,Cybersecurity,US,0.0,0.0,0.0,0.0,0.0,0
A-34d880,False,Enterprise,Cybersecurity,AU,1.0,1.0,8.0,1208.0,2.0,False
A-508199,False,Basic,FinTech,AU,1.0,1.0,14.0,8148.0,0.0,False
A-f03140,False,Pro,DevTools,IN,2.0,2.0,15.0,4594.0,0.0,True
A-410e86,False,Basic,FinTech,US,0.0,0.0,0.0,0.0,0.0,0
A-fa2041,False,Pro,HealthTech,US,1.0,1.0,9.0,3906.0,0.0,False
A-de58ca,False,Enterprise,HealthTech,DE,1.0,1.0,10.0,3730.0,1.0,False
A-05d3b3,False,Basic,DevTools,AU,1.0,1.0,15.0,1950.0,1.0,False
A-249769,True,Enterprise,Cybersecurity,US,2.0,2.0,16.0,7015.0,0.0,True
A-e43bf7,False,Pro,Cybersecurity,AU,0.0,0.0,0.0,0.0,0.0,0
A-eb2fdc,True,Enterprise,DevTools,AU,0.0,0.0,0.0,0.0,0.0,0
A-e1462e,False,Basic,FinTech,UK,1.0,1.0,11.0,1936.0,1.0,False
A-cab532,False,Pro,DevTools,FR,1.0,1.0,12.0,3972.0,0.0,False
A-9123ac,False,Pro,Cybersecurity,DE,0.0,0.0,0.0,0.0,0.0,0
A-6e08f3,False,Basic,Cybersecurity,US,1.0,1.0,7.0,2765.0,0.0,True
A-d922bf,True,Basic,HealthTech,US,1.0,1.0,9.0,900.0,0.0,False
A-8ed5dd,True,Enterprise,EdTech,UK,0.0,0.0,0.0,0.0,0.0,0
A-7c6b6b,False,Basic,FinTech,US,0.0,0.0,0.0,0.0,0.0,0
A-3c1a3f,False,Pro,DevTools,UK,0.0,0.0,0.0,0.0,0.0,0
A-b48f73,False,Pro,EdTech,AU,0.0,0.0,0.0,0.0,0.0,0
A-76fa4d,False,Pro,HealthTech,US,0.0,0.0,0.0,0.0,0.0,0
A-b2af2e,False,Enterprise,Cybersecurity,UK,0.0,0.0,0.0,0.0,0.0,0
A-9bfc9f,False,Pro,DevTools,CA,0.0,0.0,0.0,0.0,0.0,0
A-4ae22a,True,Pro,EdTech,US,0.0,0.0,0.0,0.0,0.0,0
A-fda07f,False,Basic,Cybersecurity,FR,0.0,0.0,0.0,0.0,0.0,0
A-de24d5,False,Enterprise,DevTools,US,0.0,0.0,0.0,0.0,0.0,0
A-977ca0,True,Basic,HealthTech,IN,0.0,0.0,0.0,0.0,0.0,0
A-ab438f,True,Enterprise,Cybersecurity,US,0.0,0.0,0.0,0.0,0.0,0
A-e89151,True,Pro,FinTech,UK,1.0,1.0,12.0,6696.0,0.0,False
A-40906c,False,Basic,EdTech,US,1.0,1.0,13.0,4901.0,0.0,False
A-81edc3,False,Basic,Cybersecurity,IN,1.0,1.0,9.0,2808.0,0.0,False
A-328bd0,False,Enterprise,HealthTech,AU,0.0,0.0,0.0,0.0,0.0,0
A-b3fe05,False,Pro,Cybersecurity,CA,0.0,0.0,0.0,0.0,0.0,0
A-09540c,False,Basic,Cybersecurity,CA,0.0,0.0,0.0,0.0,0.0,0
A-e693b6,True,Enterprise,FinTech,AU,1.0,1.0,6.0,1866.0,0.0,False
A-2446e3,False,Pro,EdTech,IN,0.0,0.0,0.0,0.0,0.0,0
A-241e75,False,Enterprise,EdTech,US,0.0,0.0,0.0,0.0,0.0,0
A-922109,False,Pro,Cybersecurity,US,0.0,0.0,0.0,0.0,0.0,0
A-ff3c73,False,Pro,HealthTech,AU,2.0,2.0,24.0,8384.0,0.0,False
A-8b0451,False,Enterprise,FinTech,UK,0.0,0.0,0.0,0.0,0.0,0
A-331424,False,Basic,DevTools,US,0.0,0.0,0.0,0.0,0.0,0
A-51ec1b,False,Enterprise,DevTools,US,0.0,0.0,0.0,0.0,0.0,0
A-bcf664,False,Pro,DevTools,US,0.0,0.0,0.0,0.0,0.0,0
A-90a8c8,False,Pro,FinTech,AU,0.0,0.0,0.0,0.0,0.0,0
A-86cdb4,False,Basic,DevTools,DE,1.0,1.0,13.0,130.0,0.0,False
A-4bfa33,False,Basic,Cybersecurity,US,1.0,1.0,13.0,819.0,2.0,False
A-dbc825,False,Enterprise,EdTech,FR,3.0,3.0,41.0,6165.0,3.0,False
A-c70870,False,Basic,Cybersecurity,US,1.0,1.0,5.0,1165.0,0.0,False
A-7c4956,True,Enterprise,DevTools,US,0.0,0.0,0.0,0.0,0.0,0
A-0651a4,False,Pro,HealthTech,FR,1.0,1.0,8.0,72.0,0.0,False
A-3ce5b8,True,Basic,FinTech,IN,0.0,0.0,0.0,0.0,0.0,0
A-bd4708,False,Pro,FinTech,US,1.0,1.0,8.0,800.0,2.0,False
A-993085,False,Basic,HealthTech,US,0.0,0.0,0.0,0.0,0.0,0
A-92a3af,False,Enterprise,Cybersecurity,IN,0.0,0.0,0.0,0.0,0.0,0
A-151c9a,False,Enterprise,FinTech,US,0.0,0.0,0.0,0.0,0.0,0
A-474ad4,False,Basic,EdTech,US,0.0,0.0,0.0,0.0,0.0,0
A-4ef964,False,Pro,HealthTech,US,1.0,1.0,10.0,3160.0,1.0,False
A-fd9422,False,Pro,Cybersecurity,US,1.0,1.0,15.0,165.0,0.0,False
A-0baac2,True,Enterprise,FinTech,DE,0.0,0.0,0.0,0.0,0.0,0
A-bb1486,False,Basic,HealthTech,US,0.0,0.0,0.0,0.0,0.0,0
A-560d27,False,Pro,DevTools,US,0.0,0.0,0.0,0.0,0.0,0
A-0b0d6d,False,Pro,DevTools,US,0.0,0.0,0.0,0.0,0.0,0
A-2789e3,False,Enterprise,FinTech,US,1.0,1.0,8.0,3600.0,0.0,False
A-b07346,True,Pro,HealthTech,US,0.0,0.0,0.0,0.0,0.0,0
A-902ef7,True,Enterprise,HealthTech,US,0.0,0.0,0.0,0.0,0.0,0
A-20736a,False,Enterprise,EdTech,IN,0.0,0.0,0.0,0.0,0.0,0
A-e4bf56,True,Pro,HealthTech,IN,1.0,1.0,12.0,4152.0,0.0,False
A-cea1f0,True,Pro,FinTech,US,1.0,1.0,8.0,1264.0,0.0,True
A-ef84cf,False,Enterprise,EdTech,US,0.0,0.0,0.0,0.0,0.0,0
A-d49cc5,False,Basic,Cybersecurity,FR,0.0,0.0,0.0,0.0,0.0,0
A-67be94,False,Enterprise,EdTech,US,1.0,1.0,7.0,3311.0,0.0,False
A-4e960a,True,Enterprise,FinTech,US,0.0,0.0,0.0,0.0,0.0,0
A-c37cab,False,Pro,Cybersecurity,UK,0.0,0.0,0.0,0.0,0.0,0
A-533452,False,Pro,DevTools,AU,3.0,3.0,17.0,7548.0,3.0,False
A-443b7c,True,Enterprise,Cybersecurity,US,0.0,0.0,0.0,0.0,0.0,0
A-1f7acb,False,Basic,FinTech,UK,1.0,1.0,10.0,4880.0,0.0,False
A-f51f16,False,Enterprise,HealthTech,US,1.0,1.0,10.0,3350.0,0.0,False
A-5a3eb9,False,Enterprise,DevTools,CA,1.0,1.0,10.0,1990.0,0.0,False
A-5f2961,False,Basic,HealthTech,US,0.0,0.0,0.0,0.0,0.0,0
A-417d2f,False,Pro,Cybersecurity,IN,1.0,1.0,8.0,3480.0,0.0,False
A-e98302,False,Enterprise,EdTech,US,0.0,0.0,0.0,0.0,0.0,0
A-8bde0c,False,Basic,DevTools,US,0.0,0.0,0.0,0.0,0.0,0
A-bcf87c,True,Pro,FinTech,US,1.0,1.0,12.0,3684.0,0.0,False
A-54ecc2,False,Enterprise,Cybersecurity,US,2.0,2.0,17.0,7709.0,2.0,False
A-625d0b,False,Basic,EdTech,AU,0.0,0.0,0.0,0.0,0.0,0
A-fce879,True,Pro,EdTech,UK,1.0,1.0,14.0,5838.0,0.0,False
A-b07b56,True,Pro,DevTools,US,0.0,0.0,0.0,0.0,0.0,0
A-6da850,False,Pro,FinTech,IN,1.0,1.0,13.0,2366.0,0.0,True
A-342303,False,Pro,EdTech,US,0.0,0.0,0.0,0.0,0.0,0
A-e7a1e2,False,Enterprise,Cybersecurity,US,1.0,1.0,11.0,1155.0,0.0,False
A-f1f639,False,Basic,EdTech,US,0.0,0.0,0.0,0.0,0.0,0
A-a865bd,False,Pro,Cybersecurity,US,0.0,0.0,0.0,0.0,0.0,0
A-4e631b,False,Enterprise,FinTech,US,0.0,0.0,0.0,0.0,0.0,0
A-7f6b86,True,Basic,HealthTech,US,0.0,0.0,0.0,0.0,0.0,0
A-8adedc,True,Basic,EdTech,US,4.0,4.0,46.0,11214.0,2.0,False
A-2edab2,False,Enterprise,HealthTech,US,1.0,1.0,7.0,2387.0,1.0,False
A-149a69,False,Basic,DevTools,US,0.0,0.0,0.0,0.0,0.0,0
A-a6d261,False,Pro,FinTech,CA,1.0,1.0,6.0,3396.0,0.0,False
A-443f6f,False,Basic,Cybersecurity,US,1.0,1.0,11.0,6578.0,1.0,False
A-202b67,False,Pro,HealthTech,US,2.0,2.0,21.0,7471.0,2.0,False
A-00bed1,False,Basic,Cybersecurity,US,0.0,0.0,0.0,0.0,0.0,0
A-ffc04f,False,Pro,EdTech,US,2.0,2.0,15.0,4350.0,1.0,False
A-65c341,False,Pro,FinTech,US,0.0,0.0,0.0,0.0,0.0,0
A-dcc2f0,False,Basic,FinTech,UK,1.0,1.0,11.0,5082.0,0.0,False
A-ced9aa,False,Enterprise,DevTools,US,0.0,0.0,0.0,0.0,0.0,0
A-3d957b,False,Pro,HealthTech,UK,0.0,0.0,0.0,0.0,0.0,0
A-89ee83,True,Pro,Cybersecurity,US,1.0,1.0,10.0,1160.0,0.0,False
A-883b7d,False,Basic,Cybersecurity,IN,1.0,1.0,6.0,2538.0,2.0,False
A-dcc3f1,False,Pro,HealthTech,US,0.0,0.0,0.0,0.0,0.0,0
A-c62e55,False,Basic,EdTech,US,0.0,0.0,0.0,0.0,0.0,0
A-e4144b,False,Pro,EdTech,UK,0.0,0.0,0.0,0.0,0.0,0
A-e40f45,False,Pro,HealthTech,US,0.0,0.0,0.0,0.0,0.0,0
A-96215d,False,Enterprise,FinTech,US,0.0,0.0,0.0,0.0,0.0,0
A-2b9d3e,False,Enterprise,EdTech,US,0.0,0.0,0.0,0.0,0.0,0
A-b7724f,False,Basic,HealthTech,UK,0.0,0.0,0.0,0.0,0.0,0
A-310452,False,Enterprise,DevTools,FR,0.0,0.0,0.0,0.0,0.0,0
A-eb1312,False,Pro,FinTech,US,0.0,0.0,0.0,0.0,0.0,0
A-df1e44,False,Enterprise,Cybersecurity,UK,0.0,0.0,0.0,0.0,0.0,0
A-6a7c9d,True,Enterprise,Cybersecurity,US,0.0,0.0,0.0,0.0,0.0,0
A-cbd1a3,True,Basic,DevTools,US,0.0,0.0,0.0,0.0,0.0,0
A-a8d89d,False,Pro,EdTech,US,0.0,0.0,0.0,0.0,0.0,0
A-600734,True,Pro,DevTools,US,0.0,0.0,0.0,0.0,0.0,0
A-86fc1d,False,Basic,DevTools,UK,0.0,0.0,0.0,0.0,0.0,0
A-78f02b,False,Enterprise,HealthTech,US,0.0,0.0,0.0,0.0,0.0,0
A-acb7f7,False,Basic,EdTech,US,1.0,1.0,10.0,870.0,0.0,False
A-712f1c,True,Basic,DevTools,US,1.0,1.0,12.0,6600.0,0.0,True
A-3793ee,False,Enterprise,Cybersecurity,CA,0.0,0.0,0.0,0.0,0.0,0
A-9a532a,False,Enterprise,HealthTech,US,1.0,1.0,16.0,3744.0,0.0,False
A-2ebb4b,False,Basic,HealthTech,US,1.0,1.0,16.0,8224.0,0.0,False
A-6843f2,False,Enterprise,HealthTech,CA,0.0,0.0,0.0,0.0,0.0,0
A-c9bb3e,False,Pro,EdTech,US,1.0,1.0,6.0,1836.0,2.0,False
A-4814a3,True,Basic,Cybersecurity,IN,1.0,1.0,12.0,3336.0,2.0,False
A-b7b7b7,True,Basic,FinTech,US,2.0,2.0,20.0,5409.0,3.0,False
A-ccc747,True,Pro,HealthTech,FR,0.0,0.0,0.0,0.0,0.0,0
A-bb3bd4,False,Basic,HealthTech,US,0.0,0.0,0.0,0.0,0.0,0
A-09316c,False,Enterprise,FinTech,AU,0.0,0.0,0.0,0.0,0.0,0
A-96bbc6,False,Enterprise,Cybersecurity,US,1.0,1.0,9.0,117.0,0.0,False
A-bc4d48,False,Pro,EdTech,US,0.0,0.0,0.0,0.0,0.0,0
A-b30291,True,Basic,HealthTech,US,1.0,1.0,9.0,1584.0,0.0,False
A-cdf020,False,Pro,DevTools,AU,0.0,0.0,0.0,0.0,0.0,0
A-e6afc1,False,Pro,DevTools,US,0.0,0.0,0.0,0.0,0.0,0
A-e3bd71,False,Basic,Cybersecurity,US,0.0,0.0,0.0,0.0,0.0,0
A-b179bf,False,Basic,Cybersecurity,IN,0.0,0.0,0.0,0.0,0.0,0
A-098560,True,Enterprise,DevTools,UK,1.0,1.0,11.0,2893.0,0.0,False
A-82861f,False,Basic,DevTools,UK,0.0,0.0,0.0,0.0,0.0,0
A-94c3cd,False,Enterprise,FinTech,CA,0.0,0.0,0.0,0.0,0.0,0
A-a33200,False,Basic,HealthTech,US,1.0,1.0,9.0,828.0,1.0,False
A-034368,False,Enterprise,EdTech,US,2.0,2.0,15.0,4943.0,0.0,False
A-b54c01,False,Enterprise,DevTools,US,0.0,0.0,0.0,0.0,0.0,0
A-d82ef9,True,Basic,EdTech,UK,0.0,0.0,0.0,0.0,0.0,0
A-bb2f49,False,Pro,Cybersecurity,US,0.0,0.0,0.0,0.0,0.0,0
A-1f559b,True,Enterprise,HealthTech,US,2.0,2.0,14.0,2872.0,0.0,False
A-5a215a,False,Enterprise,EdTech,FR,3.0,3.0,34.0,5927.0,0.0,False
A-3f9cc0,False,Basic,HealthTech,US,3.0,3.0,27.0,9977.0,0.0,False
A-f9cc74,False,Enterprise,DevTools,FR,0.0,0.0,0.0,0.0,0.0,0
A-ed510f,False,Basic,Cybersecurity,IN,0.0,0.0,0.0,0.0,0.0,0
A-5c9849,False,Basic,EdTech,IN,0.0,0.0,0.0,0.0,0.0,0
A-a7bd4b,False,Enterprise,Cybersecurity,US,2.0,2.0,20.0,10580.0,3.0,False
A-d4ac0e,False,Basic,DevTools,UK,0.0,0.0,0.0,0.0,0.0,0
A-ffdfd5,True,Basic,EdTech,US,0.0,0.0,0.0,0.0,0.0,0
A-0dbdc6,True,Pro,Cybersecurity,DE,0.0,0.0,0.0,0.0,0.0,0
A-7cfe77,False,Pro,DevTools,US,0.0,0.0,0.0,0.0,0.0,0
A-1f0636,False,Pro,EdTech,AU,2.0,2.0,21.0,7743.0,3.0,False
A-40de06,True,Enterprise,Cybersecurity,US,0.0,0.0,0.0,0.0,0.0,0
A-cb5333,False,Pro,DevTools,US,0.0,0.0,0.0,0.0,0.0,0
A-309e54,False,Pro,DevTools,US,0.0,0.0,0.0,0.0,0.0,0
A-6e7827,False,Basic,DevTools,US,0.0,0.0,0.0,0.0,0.0,0
A-50bb9f,False,Pro,Cybersecurity,US,1.0,1.0,8.0,4024.0,3.0,False
A-5fe118,False,Enterprise,Cybersecurity,US,0.0,0.0,0.0,0.0,0.0,0
A-5247b3,False,Pro,FinTech,UK,0.0,0.0,0.0,0.0,0.0,0
A-f44180,False,Pro,Cybersecurity,UK,0.0,0.0,0.0,0.0,0.0,0
A-c16cf7,False,Pro,EdTech,US,0.0,0.0,0.0,0.0,0.0,0
A-d42431,False,Enterprise,FinTech,FR,0.0,0.0,0.0,0.0,0.0,0
A-6965e1,False,Basic,DevTools,US,0.0,0.0,0.0,0.0,0.0,0
A-0354fe,False,Basic,Cybersecurity,US,0.0,0.0,0.0,0.0,0.0,0
A-0a62f5,False,Pro,FinTech,UK,0.0,0.0,0.0,0.0,0.0,0
A-f5641b,False,Pro,EdTech,US,1.0,1.0,11.0,4917.0,1.0,False
A-b44e3e,False,Basic,Cybersecurity,UK,0.0,0.0,0.0,0.0,0.0,0
A-3b37d9,False,Enterprise,FinTech,US,0.0,0.0,0.0,0.0,0.0,0
A-54d94a,False,Basic,Cybersecurity,IN,1.0,1.0,6.0,3366.0,0.0,False
A-7f29a7,False,Basic,Cybersecurity,UK,1.0,1.0,8.0,1800.0,0.0,True
A-089363,False,Basic,FinTech,AU,1.0,1.0,8.0,4232.0,1.0,True
A-524364,False,Enterprise,DevTools,FR,0.0,0.0,0.0,0.0,0.0,0
A-855a48,False,Pro,EdTech,US,0.0,0.0,0.0,0.0,0.0,0
A-756192,False,Basic,FinTech,IN,0.0,0.0,0.0,0.0,0.0,0
A-49b828,False,Pro,FinTech,IN,1.0,1.0,11.0,5379.0,0.0,True
A-c7ffc2,False,Pro,Cybersecurity,US,0.0,0.0,0.0,0.0,0.0,0
A-751c58,False,Basic,FinTech,UK,0.0,0.0,0.0,0.0,0.0,0
A-72799b,True,Enterprise,DevTools,FR,0.0,0.0,0.0,0.0,0.0,0
A-812c5b,True,Basic,DevTools,CA,1.0,1.0,15.0,375.0,0.0,False
A-69b156,True,Pro,EdTech,US,1.0,1.0,10.0,1340.0,0.0,False
A-075038,False,Basic,HealthTech,UK,0.0,0.0,0.0,0.0,0.0,0
A-940b8b,False,Basic,HealthTech,DE,0.0,0.0,0.0,0.0,0.0,0
A-2d1036,True,Pro,FinTech,US,0.0,0.0,0.0,0.0,0.0,0
A-0f6450,True,Pro,FinTech,US,0.0,0.0,0.0,0.0,0.0,0
A-9affe6,False,Pro,Cybersecurity,US,0.0,0.0,0.0,0.0,0.0,0
A-80eeb6,False,Enterprise,Cybersecurity,UK,1.0,1.0,7.0,4144.0,2.0,False
A-d4e0d4,False,Basic,FinTech,US,0.0,0.0,0.0,0.0,0.0,0
A-c7e58b,False,Pro,HealthTech,IN,2.0,2.0,13.0,3823.0,0.0,False
A-016043,False,Basic,EdTech,CA,0.0,0.0,0.0,0.0,0.0,0
A-bbe56f,False,Enterprise,HealthTech,US,1.0,1.0,8.0,1064.0,0.0,False
A-7c5768,False,Enterprise,HealthTech,UK,0.0,0.0,0.0,0.0,0.0,0
A-751bd4,False,Pro,Cybersecurity,UK,0.0,0.0,0.0,0.0,0.0,0
A-4e0e85,False,Enterprise,DevTools,US,0.0,0.0,0.0,0.0,0.0,0
A-ad3abd,False,Pro,FinTech,US,0.0,0.0,0.0,0.0,0.0,0
A-e19ff6,False,Enterprise,Cybersecurity,UK,1.0,1.0,8.0,3320.0,0.0,False
A-7920cc,False,Pro,Cybersecurity,FR,1.0,1.0,8.0,1096.0,0.0,False
A-5a92e7,False,Pro,HealthTech,US,3.0,2.0,31.0,11003.0,1.0,False
A-fdfc91,False,Basic,Cybersecurity,US,0.0,0.0,0.0,0.0,0.0,0
A-1e50e0,True,Pro,Cybersecurity,DE,2.0,2.0,26.0,14066.0,0.0,False
A-1e1b80,False,Enterprise,FinTech,CA,0.0,0.0,0.0,0.0,0.0,0
A-659280,True,Enterprise,FinTech,IN,0.0,0.0,0.0,0.0,0.0,0
A-f6b2fb,False,Basic,DevTools,AU,0.0,0.0,0.0,0.0,0.0,0
A-cb6cc6,False,Basic,DevTools,US,2.0,2.0,10.0,1500.0,3.0,False
A-d62e02,False,Pro,Cybersecurity,US,0.0,0.0,0.0,0.0,0.0,0
A-d535f6,True,Basic,DevTools,US,0.0,0.0,0.0,0.0,0.0,0
A-39868b,False,Pro,FinTech,AU,0.0,0.0,0.0,0.0,0.0,0
A-3cc791,False,Enterprise,EdTech,US,0.0,0.0,0.0,0.0,0.0,0
A-337bc1,False,Pro,Cybersecurity,US,0.0,0.0,0.0,0.0,0.0,0
A-58b9ff,False,Enterprise,DevTools,IN,0.0,0.0,0.0,0.0,0.0,0
A-bf7919,False,Pro,HealthTech,US,0.0,0.0,0.0,0.0,0.0,0
A-1d5444,True,Basic,Cybersecurity,US,1.0,1.0,9.0,5004.0,0.0,True
A-0f3e88,True,Basic,HealthTech,US,0.0,0.0,0.0,0.0,0.0,0
A-7641d3,True,Pro,EdTech,US,1.0,1.0,10.0,800.0,0.0,False
A-cd458b,False,Basic,DevTools,US,1.0,1.0,13.0,5031.0,0.0,False
A-c16b88,False,Enterprise,HealthTech,US,0.0,0.0,0.0,0.0,0.0,0
A-59f724,False,Enterprise,HealthTech,US,1.0,1.0,16.0,6928.0,0.0,False
A-87aa7b,False,Pro,HealthTech,US,1.0,1.0,6.0,3090.0,1.0,False
A-1e6fc3,False,Pro,EdTech,FR,0.0,0.0,0.0,0.0,0.0,0
A-39ddf4,False,Enterprise,EdTech,US,0.0,0.0,0.0,0.0,0.0,0
A-34ea2f,True,Enterprise,HealthTech,US,1.0,1.0,14.0,2758.0,0.0,False
A-716841,False,Pro,FinTech,US,1.0,1.0,5.0,1920.0,0.0,False
A-558c72,False,Basic,FinTech,US,0.0,0.0,0.0,0.0,0.0,0
A-b11cd0,True,Pro,DevTools,US,1.0,1.0,9.0,1422.0,2.0,False
A-cc1d8d,False,Pro,FinTech,US,0.0,0.0,0.0,0.0,0.0,0
A-7f4db3,False,Pro,FinTech,US,3.0,3.0,33.0,11502.0,1.0,True
A-db5e9e,False,Basic,DevTools,US,0.0,0.0,0.0,0.0,0.0,0
A-cc102e,False,Enterprise,HealthTech,US,0.0,0.0,0.0,0.0,0.0,0
A-82d8a6,False,Basic,Cybersecurity,UK,1.0,1.0,12.0,4884.0,0.0,False
A-dec005,False,Pro,HealthTech,US,0.0,0.0,0.0,0.0,0.0,0
A-5790f4,False,Pro,FinTech,UK,0.0,0.0,0.0,0.0,0.0,0
A-7c83a1,False,Pro,Cybersecurity,US,0.0,0.0,0.0,0.0,0.0,0
A-297a2d,False,Pro,HealthTech,UK,1.0,1.0,9.0,1890.0,0.0,False
A-4c56c9,True,Enterprise,FinTech,US,0.0,0.0,0.0,0.0,0.0,0
A-cbbe12,False,Enterprise,Cybersecurity,DE,0.0,0.0,0.0,0.0,0.0,0
A-4a267b,False,Pro,FinTech,US,3.0,3.0,31.0,6490.0,3.0,True
A-bcbe98,False,Enterprise,Cybersecurity,US,2.0,2.0,20.0,10430.0,0.0,True
A-427b69,False,Basic,FinTech,US,0.0,0.0,0.0,0.0,0.0,0
A-0be015,False,Pro,FinTech,US,1.0,1.0,13.0,5759.0,0.0,False
A-054577,False,Basic,EdTech,UK,2.0,2.0,27.0,7687.0,2.0,False
A-bc87bc,False,Pro,FinTech,US,1.0,1.0,16.0,7712.0,0.0,False
A-0f7d77,False,Pro,FinTech,IN,0.0,0.0,0.0,0.0,0.0,0
A-e7beab,False,Enterprise,EdTech,DE,0.0,0.0,0.0,0.0,0.0,0
A-a09355,False,Basic,FinTech,US,0.0,0.0,0.0,0.0,0.0,0
A-31ab9a,False,Pro,FinTech,DE,0.0,0.0,0.0,0.0,0.0,0
A-0158bb,False,Basic,FinTech,DE,0.0,0.0,0.0,0.0,0.0,0
A-f19b24,False,Pro,Cybersecurity,US,0.0,0.0,0.0,0.0,0.0,0
A-798a3f,True,Enterprise,DevTools,FR,0.0,0.0,0.0,0.0,0.0,0
A-42b791,False,Pro,FinTech,AU,0.0,0.0,0.0,0.0,0.0,0
A-068fc6,False,Enterprise,EdTech,US,1.0,1.0,9.0,3573.0,0.0,False
A-6f50ae,True,Pro,FinTech,US,1.0,1.0,15.0,6720.0,0.0,False
A-a2485e,False,Pro,FinTech,US,0.0,0.0,0.0,0.0,0.0,0
A-bb1eaa,False,Basic,Cybersecurity,US,0.0,0.0,0.0,0.0,0.0,0
A-cc98bc,False,Basic,DevTools,US,0.0,0.0,0.0,0.0,0.0,0
A-d77f4c,False,Pro,DevTools,US,0.0,0.0,0.0,0.0,0.0,0
A-ccabf0,False,Pro,HealthTech,IN,0.0,0.0,0.0,0.0,0.0,0
A-700ade,False,Enterprise,Cybersecurity,UK,0.0,0.0,0.0,0.0,0.0,0
A-4a4c2d,False,Enterprise,DevTools,US,3.0,3.0,34.0,11756.0,0.0,False
A-b7ef83,False,Pro,Cybersecurity,UK,1.0,1.0,10.0,1940.0,2.0,False
A-e08cd3,False,Pro,FinTech,US,0.0,0.0,0.0,0.0,0.0,0
A-19b2c8,False,Pro,DevTools,IN,0.0,0.0,0.0,0.0,0.0,0
A-970c97,False,Enterprise,HealthTech,DE,0.0,0.0,0.0,0.0,0.0,0
A-6dee43,False,Basic,FinTech,UK,1.0,1.0,12.0,612.0,0.0,False
A-5ed98d,False,Basic,DevTools,US,0.0,0.0,0.0,0.0,0.0,0
A-c58f49,False,Enterprise,EdTech,US,0.0,0.0,0.0,0.0,0.0,0
A-9c18c4,True,Pro,HealthTech,US,0.0,0.0,0.0,0.0,0.0,0
A-cc8c8f,False,Enterprise,DevTools,US,0.0,0.0,0.0,0.0,0.0,0
A-5f7781,False,Pro,DevTools,US,1.0,1.0,6.0,3078.0,0.0,False
A-e1b9cd,True,Pro,DevTools,US,2.0,2.0,28.0,7604.0,2.0,True
A-ac85cd,False,Enterprise,EdTech,US,0.0,0.0,0.0,0.0,0.0,0
A-d792a6,False,Enterprise,DevTools,US,1.0,1.0,7.0,2856.0,0.0,False
A-ac9111,False,Pro,HealthTech,US,0.0,0.0,0.0,0.0,0.0,0
A-18793f,False,Basic,EdTech,US,0.0,0.0,0.0,0.0,0.0,0
A-9f0b68,False,Basic,EdTech,US,0.0,0.0,0.0,0.0,0.0,0
A-d3c88e,False,Pro,DevTools,US,0.0,0.0,0.0,0.0,0.0,0
A-ccb686,False,Basic,DevTools,US,0.0,0.0,0.0,0.0,0.0,0
A-118f1c,False,Pro,Cybersecurity,US,0.0,0.0,0.0,0.0,0.0,0
A-0e966d,True,Basic,FinTech,IN,4.0,4.0,42.0,14269.0,0.0,True
A-b9f5b1,False,Pro,Cybersecurity,US,0.0,0.0,0.0,0.0,0.0,0
A-8ae3fc,False,Pro,DevTools,CA,0.0,0.0,0.0,0.0,0.0,0
A-55f257,False,Basic,FinTech,US,1.0,1.0,8.0,712.0,4.0,False
A-d26ab4,True,Basic,DevTools,UK,1.0,1.0,16.0,224.0,0.0,False
A-712533,False,Pro,EdTech,US,1.0,1.0,13.0,7748.0,3.0,False
A-781cc0,False,Pro,EdTech,US,1.0,1.0,10.0,5880.0,0.0,False
